{"epoch": 29, "val_loss": 1.1612000465393066, "_timestamp": 1714000225.9880996, "_runtime": 1534.416288614273, "_step": 29, "_wandb": {"runtime": 1533}}