{"epoch": 0, "loss": 5.981680870056152, "_timestamp": 1714040438.3394816, "_runtime": 78.8186776638031, "_step": 0}