{"epoch": 4, "loss": 5.785276889801025, "_timestamp": 1714034960.4097347, "_runtime": 919.9916007518768, "_step": 4, "_wandb": {"runtime": 919}}