{"epoch": 0, "val_loss": 2.6212193965911865, "_timestamp": 1713980723.534757, "_runtime": 54.385321855545044, "_step": 0, "_wandb": {"runtime": 53}}