{"epoch": 29, "loss": 1.7407829761505127, "_timestamp": 1714121337.2651834, "_runtime": 5822.485840559006, "_step": 30, "BLEU-1": 0.5449333021296513, "BLEU-2": 0.31257315380657325, "_wandb": {"runtime": 5822}}