{"epoch": 0, "loss": 5.685737609863281, "_timestamp": 1713976897.404123, "_runtime": 102.52416610717773, "_step": 0, "_wandb": {"runtime": 101}}