{"epoch": 9, "loss": 6.5641584396362305, "_timestamp": 1714036808.9388807, "_runtime": 1830.9583077430725, "_step": 9, "_wandb": {"runtime": 1830}}