{"epoch": 4, "loss": 5.788057327270508, "_timestamp": 1714038683.5158622, "_runtime": 917.3056991100311, "_step": 4, "_wandb": {"runtime": 916}}