{"epoch": 0, "loss": 5.901823997497559, "_timestamp": 1714046715.8995433, "_runtime": 107.70383739471436, "_step": 0}