{"epoch": 9, "loss": 6.004294395446777, "_timestamp": 1714037758.1182244, "_runtime": 939.8214273452759, "_step": 9, "_wandb": {"runtime": 939}}