{"epoch": 29, "loss": 1.834706425666809, "_timestamp": 1714103702.471208, "_runtime": 5906.881703138351, "_step": 30, "BLEU-1": 0.5415318230852212, "BLEU-2": 0.3154946554974598, "_wandb": {"runtime": 5906}}