{"epoch": 29, "loss": 1.9084266424179077, "_timestamp": 1714054658.0928476, "_runtime": 3747.0098345279694, "_step": 30, "BLEU-1": 0.5294698715837998, "BLEU-2": 0.306102105741619, "_wandb": {"runtime": 3746}}