{"epoch": 54, "loss": 6.1210103034973145, "_timestamp": 1714044691.602468, "_runtime": 3770.928118944168, "_step": 54}