{"epoch": 4, "val_loss": 1.1007335186004639, "_timestamp": 1714000502.1792982, "_runtime": 264.60563707351685, "_step": 4}