{"epoch": 1, "val_loss": 2.7518351078033447, "_timestamp": 1713980627.936258, "_runtime": 181.32668805122375, "_step": 1, "_wandb": {"runtime": 180}}