{"epoch": 29, "loss": 1.8243211507797241, "_timestamp": 1714078555.1790676, "_runtime": 6119.805204629898, "_step": 30, "BLEU-1": 0.553529477570198, "BLEU-2": 0.3292481525504711, "_wandb": {"runtime": 6119}}