{"epoch": 0, "loss": [5.7018513679504395], "_timestamp": 1713976629.6124818, "_runtime": 99.99526476860046, "_step": 0, "_wandb": {"runtime": 99}}