{"epoch": 4, "loss": "categorical_crossentropy", "_timestamp": 1713975435.313004, "_runtime": 361.1154479980469, "_step": 4, "_wandb": {"runtime": 447}}