{"epoch": 9, "loss": 6.158844947814941, "_timestamp": 1714033098.2131343, "_runtime": 1841.9300463199615, "_step": 9, "_wandb": {"runtime": 1841}}