{"epoch": 1, "loss": 7.240085124969482, "_timestamp": 1714040087.4213002, "_runtime": 224.23286128044128, "_step": 2, "BLEU-1": 0.046576150222383435, "BLEU-2": 6.947615966122134e-156}