{"epoch": 0, "loss": 8.673473358154297, "_timestamp": 1714045197.8563373, "_runtime": 189.52697324752808, "_step": 1, "BLEU-1": 0.046576150222383435, "BLEU-2": 6.947615966122134e-156, "_wandb": {"runtime": 189}}