{"epoch": 29, "loss": 1.8114571571350098, "_timestamp": 1714115504.9112976, "_runtime": 5951.330933570862, "_step": 30, "BLEU-1": 0.537192790824686, "BLEU-2": 0.3165892934775935, "_wandb": {"runtime": 5950}}