{"epoch": 29, "loss": 6.819223880767822, "_timestamp": 1714072425.0840793, "_runtime": 2725.7559502124786, "_step": 30, "BLEU-1": 0.046576150222383435, "BLEU-2": 6.947615966122134e-156, "_wandb": {"runtime": 2724}}