{"epoch": 0, "val_loss": 5.617927551269531, "_timestamp": 1713977172.6259363, "_runtime": 99.98895931243896, "_step": 0, "_wandb": {"runtime": 99}}