{"epoch": 29, "loss": 1.7878793478012085, "_timestamp": 1714091828.7814858, "_runtime": 6593.331587791443, "_step": 30, "BLEU-1": 0.5409853817000542, "BLEU-2": 0.3214295736543707, "_wandb": {"runtime": 6592}}