{"epoch": 2, "loss": 5.980593681335449, "_timestamp": 1714039246.7962978, "_runtime": 556.5030038356781, "_step": 2, "_wandb": {"runtime": 572}}