{"epoch": 29, "val_loss": 1.5891010761260986, "_timestamp": 1713998682.4058208, "_runtime": 5284.539212942123, "_step": 29, "_wandb": {"runtime": 5283}}