{"epoch": 29, "loss": 1.8298778533935547, "_timestamp": 1714109543.9362106, "_runtime": 5832.614720582962, "_step": 30, "BLEU-1": 0.5388263842929627, "BLEU-2": 0.31475705289089817, "_wandb": {"runtime": 5832}}