{"epoch": 19, "loss": 3.055030107498169, "_timestamp": 1714050900.3734028, "_runtime": 2835.6959578990936, "_step": 20, "BLEU-1": 0.48285867813003763, "BLEU-2": 0.2776247456849568, "_wandb": {"runtime": 2835}}