{"epoch": 1, "loss": 8.96291446685791, "_timestamp": 1714040825.5575497, "_runtime": 138.8336308002472, "_step": 1, "_wandb": {"runtime": 163}}