{"epoch": 5, "loss": "categorical_crossentropy", "_timestamp": 1713974896.646886, "_runtime": 452.5923900604248, "_step": 5, "_wandb": {"runtime": 622}}