{"epoch": 29, "loss": 1.88102126121521, "_timestamp": 1714064582.7940485, "_runtime": 3571.270229578018, "_step": 30, "BLEU-1": 0.5262074940437513, "BLEU-2": 0.3094499470825854, "_wandb": {"runtime": 3570}}