{"epoch": 0, "loss": [4.019143581390381], "_timestamp": 1713976319.4545715, "_runtime": 90.14968752861023, "_step": 0, "_wandb": {"runtime": 89}}