{"epoch": 29, "loss": 1.8273930549621582, "_timestamp": 1714085227.2310164, "_runtime": 6660.651816368103, "_step": 30, "BLEU-1": 0.5451006562117673, "BLEU-2": 0.3208480454381506, "_wandb": {"runtime": 6659}}