{"epoch": 0, "loss": 5.8507561683654785, "_timestamp": 1714031086.1952174, "_runtime": 197.8589322566986, "_step": 0, "_wandb": {"runtime": 259}}