{"epoch": 0, "loss": 5.973563194274902, "_timestamp": 1714045996.9223716, "_runtime": 191.1752965450287, "_step": 1, "BLEU-1": 0.046576150222383435, "BLEU-2": 6.947615966122134e-156, "_wandb": {"runtime": 190}}