{"epoch": 29, "loss": 1.832358479499817, "_timestamp": 1714097788.2991176, "_runtime": 5950.117727518082, "_step": 30, "BLEU-1": 0.5472664513973945, "BLEU-2": 0.32602452513358143, "_wandb": {"runtime": 5949}}