{"epoch": 4, "loss": 6.518226623535156, "_timestamp": 1714034027.950362, "_runtime": 922.1197469234467, "_step": 4, "_wandb": {"runtime": 921}}