{"epoch": 0, "loss": 5.965672492980957, "_timestamp": 1714046305.6151633, "_runtime": 297.4926314353943, "_step": 1, "BLEU-1": 0.15863969474194203, "BLEU-2": 0.05149816321637233, "_wandb": {"runtime": 296}}