{"epoch": 29, "loss": 6.2333478927612305, "_timestamp": 1714069684.419089, "_runtime": 5092.157493114471, "_step": 30, "BLEU-1": 0.047369104380923434, "BLEU-2": 7.068070863617751e-156, "_wandb": {"runtime": 5085}}