{"epoch": 0, "loss": 5.9546356201171875, "_timestamp": 1714045795.0464165, "_runtime": 458.98201751708984, "_step": 1, "BLEU-1": 0.31837678617654874, "BLEU-2": 0.08268953677273536, "_wandb": {"runtime": 458}}