{"epoch": 29, "loss": 1.8217593431472778, "_timestamp": 1714060993.2193997, "_runtime": 6316.9417197704315, "_step": 30, "BLEU-1": 0.5508436944937833, "BLEU-2": 0.32962128201618834, "_wandb": {"runtime": 6316}}