{"epoch": 2, "val_loss": 3.200834274291992, "_timestamp": 1713980438.1462922, "_runtime": 277.17264914512634, "_step": 2, "_wandb": {"runtime": 276}}